{"cameraMode":{"drawMode":0,"name":"Shaded","section":"Shading Mode"},"sceneLighting":true,"audioPlay":false,"sceneViewState":{"m_AlwaysRefresh":false,"showFog":true,"showSkybox":true,"showFlares":true,"showImageEffects":true,"showParticleSystems":true,"showVisualEffectGraphs":true,"m_FxEnabled":true},"in2DMode":false,"pivot":{"x":-90.29374694824219,"y":2.9007859230041506,"z":152.81143188476563},"rotation":{"x":0.0017894990742206574,"y":-0.024299729615449907,"z":-0.00004286842522560619,"w":-0.9997108578681946},"size":91.28240966796875,"orthographic":false}